13106,東京都,台東区,下谷警察署,台東区北上野２丁目２４?１４,35.7187819,139.7843033,（仮移転先）1階ロビー脇　（仮移転前）２階事務所入口,,（仮移転先）全日　（仮移転前）月～金（仮移転先）24時間可能　（仮移転前）8：30～17：15（仮移転前）祝日及び年末年始休業,,110-0004,,
13106,東京都,台東区,やなか地域包括支援センター（仮事務所）　（仮移転前）やなか高齢者在宅サービスセンター,台東区谷中２丁目１７?２０,35.7236271,139.7654605,（仮移転先）入口カウンター　（仮移転前）1階廊下,,（仮移転先）月～土　祝日、年末年始（12月29日～1月3日）は休業　（仮移転前）月～土　年始休業日除く（仮移転先）8:30～17:15　（仮移転前）8:30～17:15備考参照※仮移転期間：平成29年3月まで（予定）　（仮移転前）夜間は警備員受付で対応可能,,110-0001,,
13106,東京都,台東区,区役所本庁舎１０階,台東区東上野4-5-6,35.7125885,139.7799257,１０階廊下（１００１会議室と１００２会議室の間）,,庁舎開庁日開庁時間,,,,
13106,東京都,台東区,たなかスポーツプラザ,台東区日本堤2-25-4,35.7278736,139.7972152,１Ｆ　地域交流スペース前,,日曜日～土曜日　（【休館日：第１月曜（祝日の場合は翌平日）、年末年始】を除く）9：00～22：00,,,,
13106,東京都,台東区,東京芸術大学　音楽学部3号館,台東区上野公園12‐8,35.7203428,139.7724324,1Fロビー,,全日7：30～20：00　上記以外閉門時は警備員が対応可能,,110-0007,,
13106,東京都,台東区,東京芸術大学　体育館,台東区上野公園12‐8,35.7205128,139.7744978,１Fロビー,,全日7：30～20：00　上記以外閉門時は警備員が対応可能,,110-0007,,
13106,東京都,台東区,東京芸術大学　付属音楽高等学校,台東区上野公園12‐8,35.7210136,139.7733783,1Fロビー,,全日7：30～20：00　上記以外閉門時は警備員が対応可能,,110-0007,,
13106,東京都,台東区,東京芸術大学 　美術学部総合工房B棟,台東区上野公園12‐8‐,35.7183762,139.7716947,1階,,全日7：30～20：00　上記以外閉門時は警備員が対応可能,,110-0007,,
13106,東京都,台東区,朝日信用金庫　浅草橋支店,台東区浅草橋3-17-7,35.7005082,139.7871791,1階　ATMコーナー,,全日　※祝日休業月～金8：00～19：00　土・日8：00～17：00,,111-0053,,
13106,東京都,台東区,国立国会図書館　国際子ども図書館,上野公園12-49,35.7196186,139.7738237,１階　エントランス,,火～日9：00～17：45,,,,
13106,東京都,台東区,日本学士院,台東区上野公園7‐32,35.7161128,139.7772485,1階　事務室,,月～金9：30～18：15,,110-0007,,
13106,東京都,台東区,ひさご薬局,台東区浅草1‐23‐7,35.7123178,139.7933782,1階　投薬カウンター下,,全日9：00～20：45,,111-0032,,
13106,東京都,台東区,朝日信用金庫本店,台東区台東2‐8‐2,35.7027677,139.7761674,1階ＡＴＭコーナー,,全日　祝日除く8：00～21：00　土.日8：00～17：00祝日休業　,,110-0016,,
13106,東京都,台東区,朝日信用金庫ことぶき支店,台東区寿2‐10‐13,35.7094806,139.7910359,1階ATMコーナー,,全日8：00～21：00　土・日・祝8：00～17：00,,111-0042,,
13106,東京都,台東区,朝日信用金庫上野支店,台東区上野4‐8‐11,35.7096821,139.774163,1階ＡＴＭコーナー,,全日8：00～21：00　土・日・祝8：00～17：00,,110-0005,,
13106,東京都,台東区,朝日信用金庫浅草雷門支店,台東区浅草2‐1‐13,35.7133226,139.79782,1階ＡＴＭコーナー,,全日　祝日除く8：00～19：00　土.日8：00～17：00祝日休業　,,111-0032,,
13106,東京都,台東区,朝日信用金庫合羽橋支店,台東区松が谷3‐18‐13,35.7163864,139.7888709,1階ＡＴＭコーナー,,全日　祝日除く8：00～19：00　土.日8：00～17：00　祝日休業　,,111-0036,,
13106,東京都,台東区,朝日信用金庫根岸支店,台東区根岸4‐15‐11,35.7266884,139.7842475,1階ＡＴＭコーナー,,全日　祝日除く8：00～19：00　土.日8：00～17：00祝日休業　,,110-0003,,
13106,東京都,台東区,朝日信用金庫浅草支店,台東区浅草4‐49‐12,35.7184228,139.799196,1階ＡＴＭコーナー　入口左脇,,全日　祝日除く8：00～19：00　土.日8：00～17：00祝日休業　,,111-0032,,
13106,東京都,台東区,朝日信用金庫 浅草支店清川出張所,台東区清川1‐23‐5,35.7254998,139.8030127,1階ＡＴＭコーナー脇,,全日　祝日除く8：00～19：00　土.日8：00～17：00　　祝日休業　,,111-0022,,
13106,東京都,台東区,独立行政法人国立美術館　国立西洋美術館,上野公園7‐7,35.7153652,139.7758663,1階インフォメーションカウンター,,火～日9：30～17：30　金曜日9：30～20：00　休館日使用不可,,110-0007,,
13106,東京都,台東区,ライフ・エクステンション研究所付属永寿総合病院,東上野2‐23‐16,35.7097375,139.7797237,1階エレベーター横,,全日24時間可能,,110-0015,,
13106,東京都,台東区,一葉記念館,台東区竜泉3-18-4,35.7255781,139.7927967,1階エレベーター前,,火～日9：00～16：30休館日（使用不可）：月曜日（祝日と重なる場合は翌日）、年末年始（12/29～1/3）、特別整理期間等,,,,
13106,東京都,台東区,株式会社蔵前駐車場,台東区蔵前3‐12‐8,35.7043357,139.7918534,１階エレベータフロア,,全日6：30～21：00,,111-0051,,
13106,東京都,台東区,公益社団法人　日本助産師会,台東区鳥越2‐12‐2,35.7022905,139.7863028,１階エレベータホール横,,月～金9：00～17：00上記は定時　事務局始業～終業まで使用可,,111-0054,,
13106,東京都,台東区,株式会社ＳＡＮＫＹＯ パーラー事業部,台東区東上野2‐22‐8,35.7100608,139.7787212,１階エレベータホール脇,,月～金9：00～18：00,,110-0015,,
13106,東京都,台東区,株式会社バンビ　バンビビル新館,台東区台東4‐32‐5,35.7073302,139.7768987,１階エレベータ前受付カウンター,,月～金8：00～19：00,,110-0016,,
13106,東京都,台東区,公益社団法人　全国私立保育園連盟,台東区蔵前4‐11‐10 全国保育会館,35.7032003,139.7883761,1階エントランス,,月～土9：00～17：30,,111-0051,,
13106,東京都,台東区,日本生命保険相互会社 日本生命浅草ビル,台東区駒形1‐12‐14,35.7085064,139.7956353,1階エントランス,,月～金8：00～19：00,,111-0043,,
13106,東京都,台東区,日本生命保険相互会社 日本生命東上野ビル,台東区東上野5‐2‐2,35.7118305,139.7812882,1階エントランス,,月～土8：00～19：00　土8：00～12：00,,110-0015,,
13106,東京都,台東区,東京文化会館　１階,台東区上野公園5-45,35.7142648,139.7753378,１階エントランス,,休館日（月に２回程度）以外10：00～22：00,,,,
13106,東京都,台東区,ドラゴンマンション浅草壱番館,台東区花川戸2‐19‐5,35.7153733,139.7995927,1階エントランス,,全日24時間可能,,111-0033,,
13106,東京都,台東区,黒田記念館,台東区上野公園12-53,35.7189428,139.7733662,１階エントランス階段付近,,火～日　※休館日：月曜日（祝休日の場合は翌火曜休館）9：30～17：00　※備考参照開館延長日等あり,,,,
13106,東京都,台東区,大和冷機工業株式会社,台東区台東2-4-3　大和冷機秋葉原DRKビル,35.7025749,139.7789134,1階エントランス受付横,,月～金7：00～20：00,,110-0016,,
13106,東京都,台東区,上野恩賜公園管理所,台東区上野公園5‐20,35.7141066,139.7741541,1階エントランス脇,,全日8：30～17：1512/29～1/3休業,,110-0007,,
13106,東京都,台東区,清川区民館,台東区清川1-23-8,35.7257526,139.8030409,1階カウンター横,,月～日　年末年始、休館日除く9時～22時夜間は管理委託職員で対応可能,,,,
13106,東京都,台東区,竹町こどもクラブ,台東区台東3-25-4,35.7047481,139.7802089,1階こどもクラブ育成室,,こどもクラブ開設日（休所日は日曜日・祝祭日・年末年始）9：30～19：00　土曜日、夏休み等学校休業日は8：00～19：00玄関脇インターフォンを利用し呼び出し,,,,
13106,東京都,台東区,富士小学校,台東区浅草4-48-9,35.7187367,139.7983676,1階コミュニテイー入口右側の壁,,月～金　8：15～16：45　学校授業日　体育館開放日　職員在勤時　利用可能　オートロックのためインターフォン対応,,,,
13106,東京都,台東区,東京合羽橋商店街振興組合　街路環境整備委員会,台東区西浅草2‐20‐6　（有）志村徳之助家具店,35.713649,139.7889449,1階ビル左側,,全日24時間可能,,111-0035,,
13106,東京都,台東区,花やしき　園内中央ステージ前,台東区浅草2‐28‐1,35.7155462,139.7945202,１階フードコート内,,全日10：00～18：00　花やしき営業時間内,,111-0032,,
13106,東京都,台東区,サービス付高齢者向け賃貸住宅　グレイプス浅草,台東区浅草2‐34‐7,35.7148437,139.7980564,1階フロント,,全日24時間可能,,111-0032,,
13106,東京都,台東区,京急EXイン　浅草橋駅前,台東区浅草橋1‐27‐9,35.6980191,139.7850228,1階フロントカウンター,,全日5：00～24：00　左記時間以外は玄関脇インターフォンで対応可,,111-0053,,
13106,東京都,台東区,社会福祉法人康保会　康保会　保育園,台東区日本堤1‐6‐2,35.7249804,139.7979004,１階ホール前方,,月～土7：00～22：00　土8：00～18：00,,111-0021,,
13106,東京都,台東区,浅草文化観光センター,台東区雷門2-18-9,35.7106579,139.7965258,１階メインエントランス付近,,３６５日年中無休9:00～22:00,,,,
13106,東京都,台東区,マツモトキヨシ浅草店,台東区浅草1‐30‐2,35.7119444,139.7962806,１階レジ入口側,,全日9：00～21：30,,111-0032,,
13106,東京都,台東区,環境ふれあい館,台東区蔵前4-14-6,35.7037472,139.7896535,1階ロビー,,第4月曜日（祝日の場合、翌平日）と年末年始休館日除く9:00～21:00,,,,
13106,東京都,台東区,東京都水道局 東部建設事務所,台東区三筋2‐15‐16,35.7057971,139.7877054,１階ロビー,,月～金8：30～17：15　祝日及び年末年始休業,,111-0055,,
13106,東京都,台東区,東京薬業健康保険組合　東薬健保健康開発センター,台東区東上野1‐27‐2,35.7084562,139.7813394,１階ロビー,,月～金9：00～17：00,,110-0015,,
13106,東京都,台東区,台東都税事務所,台東区雷門1‐6‐1,35.7097909,139.7921578,1階ロビー,,月～金8：30～17：00(開庁日のみ),,111-0034,,
13106,東京都,台東区,東京都立産業貿易センター台東館,台東区花川戸2‐6‐5,35.7144011,139.7987952,1階ロビー,,全日9：00～17：00開館中使用可,,111-0033,,
13106,東京都,台東区,ホテル ヴィラフォンテーヌ上野,台東区小島2‐4‐4,35.7053804,139.7818723,1階ロビー　エントランス横,,全日24時間可能深夜帯は、オートロックの為インターフォンでフロント呼出,,111-0056,,
13106,東京都,台東区,浙江建設ビル,台東区西浅草3-29-19,35.7177022,139.7904196,1階ロビー（エレベーター前）,,月～金（祝日除く）8:00～19:00,,,,
13106,東京都,台東区,つばさ福祉会,台東区松が谷2-6-2,35.713228,139.7858136,1階ロビー（事務室前カウンター）,,月～金　年末年始休館日除く8：30～17：15,,,,
13106,東京都,台東区,大正小学校,台東区入谷2-23-8,35.7209741,139.7880771,1階ロビーコミュニティー入口正面,,月～金　8：15～16：45　学校授業日　体育館開放日　職員在勤時　利用可能　オートロックのためインターフォン対応,,,,
13106,東京都,台東区,大本東京本部・東京宣教センター,台東区池之端2‐1‐44,35.7131234,139.7676148,1階ロビーの書棚,,全日9：00～22：00,,110-0008,,
13106,東京都,台東区,浅草橋保育園,台東区浅草橋2-23-5,35.7002909,139.7846699,1階ロビー右側,,月～土　＊12/29～1/3除く7：15～19：15開園時　オートロック　インターフォン対応,,,,
13106,東京都,台東区,日本堤消防署今戸出張所,今戸2‐33‐3,35.722243,139.8046393,1階ロビー右側通信室内,,全日受付24時間常駐,,110-0013,,
13106,東京都,台東区,ゼット株式会社　ゼット東京オフィスビル,台東区浅草橋3‐30‐7,35.7015126,139.7863668,１階ロビー脇,,月～金　＊祝祭日除く9：00～17：30,,111-0053,,
13106,東京都,台東区,株式会社日本農業新聞,台東区秋葉原2‐3,35.7017879,139.7747743,１階ロビー脇,,月～金9：00～18：00,,110-0006,,
13106,東京都,台東区,ドーミーイン 浅草,台東区花川戸1‐3‐4,35.7118904,139.7989614,1階ロビー脇,,全日24時間可能,,111-0033,,
13106,東京都,台東区,株式会社ベイシア東京情報センター,台東区上野7‐6‐1,35.713421,139.7784725,1階ロビー脇,,月～土9：00～19：00,,110-0005,,
13106,東京都,台東区,第一工業大学　東京上野キャンパス,台東区上野7‐7‐4,35.7137616,139.7781958,１階ロビー脇,,月～金8：00～18：00,,110-0005,,
13106,東京都,台東区,日本堤消防署二天門出張所,浅草2‐35‐9,35.7142502,139.7977786,1階ロビー脇,,全日受付24時間常駐,,111-0032,,
13106,東京都,台東区,日本堤消防署,千束4‐1‐1,35.7233986,139.7980732,1階ロビー脇,,全日受付24時間常駐,,111-0031,,
13106,東京都,台東区,まつがや高齢者在宅サービスセンター（台東区立ケアハウス松が谷）,台東区松が谷4-4-3,35.7175278,139.7876111,1階ロビー脇（警備員室入口横）,,全日24時間利用可能,,,,
13106,東京都,台東区,蔵前小学校,台東区蔵前4-19-11,35.7043921,139.7892668,1階ロビー脇(入口入って左側）,,月～金　8：15～16：45　学校授業日　体育館開放日　職員在勤時　利用可能　オートロックのためインターフォン対応,,,,
13106,東京都,台東区,区役所本庁舎１階,台東区東上野4-5-6,35.7125888,139.779933,1階案内カウンター,,月～土　年始休業日除く8:30～17:15備考参照夜間は庁舎１階浅草側夜間窓口で対応可能,,,,
13106,東京都,台東区,千束健康増進センター,台東区千束3-28-13,35.7231902,139.7937755,1階運動フロアー,,月～日　年末年始休館日除く8：30～23：30　月8：30～17：15　土日10：00～17：３０,,,,
13106,東京都,台東区,株式会社　中央住宅　Ｓｔｕｒｄｙ Ｓｔｙｌｅ一級建築士事務所,台東区松が谷3‐1‐12 KappaD.C.　1F,35.7151272,139.7887847,1階奥　事務所内,,月・木・金・土・日10：00～19：00,,111-0036,,
13106,東京都,台東区,金曽木小学校,台東区根岸4-16-22,35.7257162,139.7853694,1階音楽室側階段脇,,月～金　8：15～16：45　学校授業日　体育館開放日　職員在勤時　利用可能　オートロックのためインターフォン対応,,,,
13106,東京都,台東区,台東育英小学校,台東区浅草橋2-26-8,35.700291,139.7857745,1階会議室前　(コミュニティ玄関を入って右側すぐ),,月～金　8：15～16：45　学校授業日　体育館開放日　職員在勤時　利用可能　オートロックのためインターフォン対応,,,,
13106,東京都,台東区,台東区江戸下町伝統工芸館,台東区浅草2‐22-13,35.7163409,139.7937891,1階階段前,,全日10:00～20:00,,,,
13106,東京都,台東区,寿区民館,台東区寿1-10-12,35.7072868,139.7890517,1階階段付近,,月～日　年末年始、休館日除く9時～22時夜間は管理委託職員で対応可能,,,,
13106,東京都,台東区,浅草中学校,台東区蔵前1-3-4,35.6999265,139.7899562,1階外壁　水飲み場　　,,月～金　8：15～16：45　学校授業日　体育館開放日　職員在勤時　利用可能　オートロックのためインターフォン対応,,,,
13106,東京都,台東区,株式会社 ヴィエント,台東区浅草橋5‐2‐3 鈴和ビル１F,35.6992764,139.7814008,１階株式会社 ヴィエント内,,月～金10：00～20：00,,111-0053,,
13106,東京都,台東区,株式会社上野パーキングセンター,台東区上野公園1‐50,35.7127829,139.774789,1階管理センター,,全日24時間可能,,110-0007,,
13106,東京都,台東区,田原小学校,台東区雷門1-5-14,35.7101392,139.7927686,1階給食室前,,月～金　8：15～16：45　学校授業日　体育館開放日　職員在勤時　利用可能　オートロックのためインターフォン対応,,,,
13106,東京都,台東区,東京都立白鴎高等学校,台東区元浅草1‐6‐22,35.7082903,139.783031,1階経営企画室前,,月～金8：30～17：00,,111-0041,,
13106,東京都,台東区,東京都立忍岡高等学校,台東区浅草橋5‐1‐24,35.7004417,139.7824554,1階経営企画室入口扉前,,月～金8：30～17：00,,111-0053,,
13106,東京都,台東区,生涯学習センター,台東区西浅草3-25-16,35.7173141,139.7899026,1階警備カウンター前,,月～日　年末年始除く第1.3.5月曜日9：00～20：00　左記以外9：00～22：00,,,,
13106,東京都,台東区,株式会社丹青社,台東区上野5-2-2,35.7029366,139.7748605,１階警備室,,全日24時間可能,,,,
13106,東京都,台東区,浅草ROX,台東区浅草1‐25‐15,35.7129482,139.7927543,１階警備室,,全日24時間可能,,111-0032,,
13106,東京都,台東区,第六消防方面本部,蔵前2‐10‐9,35.7037323,139.7935804,1階玄関,,全日夜間はインターフォン対応　　災害出動時は不在のため使用不可　,,111-0051,,
13106,東京都,台東区,宗教法人 世尊寺,台東区根岸3‐13‐22,35.7234843,139.7824281,1階玄関,,全日参詣時間以外は閉門だが使用は可能参詣時間以外は閉門だが使用は可能,,110-0003,,
13106,東京都,台東区,玉姫保育園,台東区清川2-22-16,35.7274604,139.8039481,1階玄関,,月～土　＊12/29～1/3除く7：15～19：15開園時　オートロック　インターフォン対応,,,,
13106,東京都,台東区,社会福祉法人　愛隣団愛隣保育園,東京都台東区根岸5‐15‐3,35.7276549,139.7881119,1階玄関,,月～土7：15～20：15,,110-0003,,
13106,東京都,台東区,ホテルサンルート浅草,台東区雷門1‐8‐5,35.7106838,139.792047,1階玄関　風除室,,全日24時間可能,,111-0034,,
13106,東京都,台東区,東横イン浅草蔵前雷門,台東区駒形１‐３‐１３,35.7061759,139.7938388,１階玄関　風除室内,,全日24時間可能,,111-0043,,
13106,東京都,台東区,東京都立蔵前工業高等学校,台東区蔵前1ー3ー57,35.7004711,139.7910238,1階玄関エレベータ-前,,月～金8：30～17：00　祝日及び年末年始休業,,111-0051,,
13106,東京都,台東区,朝倉彫塑館,台東区谷中7-18-10,35.7268472,139.7685629,1階玄関ホール,,火、水、金、土、日9：30～16：30休館日（使用不可）：月曜日、木曜日（祝日と重なる場合は翌日）、年末年始（12/29～1/3）、特別整理期間等,,,,
13106,東京都,台東区,谷中小学校,台東区谷中2-9-16,35.7240265,139.7653937,1階玄関ホール主事室脇,,月～金　8：15～16：45　学校授業日　体育館開放日　職員在勤時　利用可能　オートロックのためインターフォン対応,,,,
13106,東京都,台東区,根岸小学校,台東区根岸3-9-8,35.723782,139.7787324,1階玄関ホール正面,,月～金　8：15～16：45　学校授業日　体育館開放日　職員在勤時　利用可能　オートロックのためインターフォン対応,,,,
13106,東京都,台東区,金竜小学校,台東区千束1-9-9,35.7186106,139.7901673,1階玄関ホール脇　コミュニティ出入口横,,月～金　8：15～16：45　学校授業日　体育館開放日　職員在勤時　利用可能　オートロックのためインターフォン対応,,,,
13106,東京都,台東区,上野消防署,台東区東上野5‐2‐9,35.7120887,139.7809659,1階玄関ロビー,,全日24時間可能,,110-0015,,
13106,東京都,台東区,石浜小学校,台東区清川1-14-21,35.7249085,139.8034218,1階玄関右側主事室内　右側壁,,月～金　8：15～16：45　学校授業日　体育館開放日　職員在勤時　利用可能　オートロックのためインターフォン対応,,,,
13106,東京都,台東区,松が谷保育園,台東区松が谷4-15-11,35.7186193,139.7862809,1階玄関靴箱上,,月～土　＊12/29～1/3除く7：15～19：15開園時　オートロック　インターフォン対応,,,,
13106,東京都,台東区,東上野乳児保育園,台東区東上野4-22-3,35.7143986,139.7813184,1階玄関左側,,月～土　＊12/29～1/3除く7:00～20：00開園時　オートロック　インターフォン対応,,,,
13106,東京都,台東区,桜橋中学校,台東区今戸2-1-8,35.7207471,139.8069505,1階玄関受付窓口の左側,,月～金　8：15～16：45　学校授業日　体育館開放日　職員在勤時　利用可能　オートロックのためインターフォン対応,,,,
13106,東京都,台東区,千束小学校,台東区浅草4-24-11,35.7193225,139.7940074,1階玄関前,,月～金　8：15～16：45　学校授業日　職員在勤時　利用可能　オートロックのためインターフォン対応,,,,
13106,東京都,台東区,フクダ電子東京販売株式会社,台東区池之端 2‐1‐11,35.7135085,139.7673175,1階玄関前　（外置き）,,全日24時間可能,,110-0008,,
13106,東京都,台東区,東上野保育園,台東区東上野2-25-12,35.7095716,139.7813101,1階玄関内,,月～土　＊12/29～1/3除く7：15～19：15　開園時　オートロック　インターフォン対応,,,,
13106,東京都,台東区,宗教法人正定寺,台東区松が谷2‐1‐2,35.7126704,139.7880704,1階玄関内事務室,,全日7：00～19：00　玄関施錠　基本的に檀信徒用のため寺事務員がいる時のみ対応可能,,111-0036,,
13106,東京都,台東区,株式会社中立,台東区池之端4‐16‐9,35.7180264,139.7692943,1階玄関入って左脇,,月～金9：00～17：30　営業時間内　土日祝日他会社休業日は使用不可,,110-0008,,
13106,東京都,台東区,千束保育園,台東区千束3-20-6,35.7224036,139.7927362,1階玄関壁,,月～土　＊12/29～1/3除く7：15～19：15開園時　オートロック　インターフォン対応,,,,
13106,東京都,台東区,柳北保育室,台東区浅草橋5-1-35,35.6995423,139.7825227,1階玄関脇,,月～土　7:15～19：15,,,,
13106,東京都,台東区,宗教法人 安昌寺,台東区今戸2‐1‐12,35.720873,139.8072446,1階玄関脇,,全日5：00～23：00,,111-0024,,
13106,東京都,台東区,忍岡小学校,台東区池之端2-1-22,35.7139631,139.7667468,１階玄関脇(校庭側),,月～金　8：15～16：45　学校授業日　体育館開放日　職員在勤時　利用可能　オートロックのためインターフォン対応,,,,
13106,東京都,台東区,浅草小学校,台東区花川戸1-14-15,35.713571,139.7989842,1階校庭への通用口左壁面,,月～金　8：15～16：45　学校授業日　体育館開放日　職員在勤時　利用可能　オートロックのためインターフォン対応,,,,
13106,東京都,台東区,上野区民館,台東区池之端1-1-12,35.7093825,139.7692848,1階事務室,,月～日　年末年始、休館日除く9時～22時夜間は管理委託職員で対応可能,,,,
13106,東京都,台東区,松が谷福祉会館,台東区松が谷1-4-12,35.7112978,139.7854036,1階事務室,,月～日　年末年始祝日除く月～土8：30～21：00　日8：45～17：00,,,,
13106,東京都,台東区,池之端児童館,台東区池之端2-3-3,35.7146466,139.7669399,1階事務室,,児童館開館日（休館日は第3日曜日・5/5除く祝祭日・年末年始）9：30～18：00玄関脇インターフォンを利用し呼び出し,,,,
13106,東京都,台東区,社会福祉法人花川戸保育園,台東区花川戸2‐11‐13,35.7147137,139.8002763,１階事務室,,月～金8：30～18：30,,111-0033,,
13106,東京都,台東区,清水坂地域安全センター,台東区上野公園9‐83,35.7171312,139.7699058,1階事務室,,全日24時間可能,,110-0007,,
13106,東京都,台東区,入谷東交番,台東区松が谷4‐26‐13,35.7182911,139.788347,1階事務室,,全日24時間可能,,111-0036,,
13106,東京都,台東区,入谷西交番,台東区北上野1‐15‐6,35.7189295,139.7834903,1階事務室,,全日24時間可能,,110-0014,,
13106,東京都,台東区,谷中交番,台東区上野桜木2‐12‐7,35.7218315,139.7707427,1階事務室,,全日24時間可能,,110-0007,,
13106,東京都,台東区,鶯谷駅前交番,台東区根岸1‐9‐8,35.7229883,139.7779318,1階事務室,,全日24時間可能,,110-0003,,
13106,東京都,台東区,初音交番,台東区谷中2‐18‐9,35.7243375,139.7647718,1階事務室,,全日24時間可能,,110-0001,,
13106,東京都,台東区,天王寺駐在所,台東区谷中7‐9‐6,35.7251873,139.7706146,1階事務室,,全日24時間可能,,110-0001,,
13106,東京都,台東区,三ノ輪交番,台東区竜泉2‐20‐12,35.7284219,139.7905258,1階事務室,,全日24時間可能,,110-0012,,
13106,東京都,台東区,清掃事務所清川清掃車庫,台東区清川2-24-26,35.7283817,139.8047718,1階事務室前,,日曜日及び12月31日から1月3日を除く。7時40分から16時25分,,,,
13106,東京都,台東区,根岸社会教育館,台東区根岸5-18-13,35.7290935,139.790554,1階事務室前,,月～日　年末年始、休館日除く毎週月曜日13：00～22：00　左記以外9：00～22：00,,,,
13106,東京都,台東区,公益財団法人　東京都人権啓発センター,台東区橋場1‐1‐6,35.722749,139.8075257,１階事務室入口横,,月～日9：00～21：45,,111-0023,,
13106,東京都,台東区,坂本保育園,台東区下谷3-11-2,35.7250586,139.7872549,1階事務所前職員下駄箱横,,月～土　＊12/29～1/3除く7：15～19：15開園時　オートロック　インターフォン対応,,,,
13106,東京都,台東区,谷中霊園管理所,台東区谷中7‐5‐24,35.7239906,139.7701556,１階事務所入口,,全日8：00～17：30,,110-0001,,
13106,東京都,台東区,株式会社丹青社 第2別館,台東区秋葉原5-9明治安田生命秋葉原ビル,35.7025433,139.7749734,１階自動販売機横,,全日24時間可能,,,,
13106,東京都,台東区,浅草消防署浅草橋出張所,浅草橋3‐10‐5,35.7014594,139.7840524,1階受付,,全日24時間可能,,111-0053,,
13106,東京都,台東区,浅草消防署,駒形1‐5‐8,35.7074246,139.7940209,1階受付,,全日24時間可能,,111-0043,,
13106,東京都,台東区,上野消防署谷中出張所,台東区谷中1‐1‐25,35.7199804,139.768615,1階受付,,全日24時間可能,,110-0001,,
13106,東京都,台東区,上野消防署下谷出張所,台東区下谷2‐13‐1,35.7217353,139.7837832,1階受付,,全日24時間可能,,110-0004,,
13106,東京都,台東区,東京保健生活協同組合 竜泉協立診療所,台東区竜泉3‐1‐2,35.7260684,139.7955285,１階受付カウンター,,月～土月・木9：00～17:00　火・金9：00～19：50　水・土9：00～13：00,,110-0012,,
13106,東京都,台東区,ジェクサーフィットネス＆スパ上野,台東区上野7‐1‐1,35.7135907,139.7777966,１階受付カウンター前,,土～木7：00～23：00　土9：30～22：00・日9：30～20：00,,110-0005,,
13106,東京都,台東区,株式会社ＳＡＮＫＹＯ 東京支店,台東区東上野2‐11‐8,35.7095965,139.7786007,1階受付ブース内,,月～金9：00～18：00,,110-0015,,
13106,東京都,台東区,浅草橋区民館,台東区浅草橋2-8-7,35.6994794,139.7833582,1階受付前,,月～日　年末年始、休館日除く9時～22時夜間は管理委託職員で対応可能,,,,
13106,東京都,台東区,下町風俗資料館,台東区上野公園2-1,35.7102587,139.7727301,1階受付前,,火～日9：30～16：30休館日（使用不可）：月曜日（祝日と重なる場合は翌日）、年末年始（12/29～1/1）、特別整理期間等,,,,
13106,東京都,台東区,東上野区民館,台東区東上野3-24-6,35.7112174,139.7797138,1階受付前,,月～日　年末年始、休館日除く9時～22時夜間は管理委託職員で対応可能,,,,
13106,東京都,台東区,松葉小学校,台東区松が谷1-13-16,35.7122175,139.7868404,1階受付前の階段横,,月～金　8：15～16：45　学校授業日　体育館開放日　職員在勤時　利用可能　オートロックのためインターフォン対応,,,,
13106,東京都,台東区,台東１丁目区民館,台東区台東1-25-5,35.7016035,139.7777039,1階受付内,,月～日　年末年始、休館日除く9時～22時夜間は台東複合施設防災センター職員で対応可能,,,,
13106,東京都,台東区,育英クリニック,台東区浅草橋2‐26‐13,35.700215,139.786074,1階処置室,,月～土9：00～17：00　木・土9：00～12：00,,111-0053,,
13106,東京都,台東区,サンデンホールディングス株式会社　東京本社,台東区台東1‐31‐7,35.7023098,139.7765114,1階商談コーナー脇,,月～金8：40～17：30,,110-0016,,
13106,東京都,台東区,東京都立白鴎高等学校付属中学校,台東区元浅草3‐12‐12,35.7072401,139.787728,1階職員玄関,,月～金8：30～17：00,,111-0041,,
13106,東京都,台東区,ウインズ浅草,台東区浅草2‐8‐6,35.7150433,139.7935722,１階整理本部,,火～日9：10～17：00,,111-0032,,
13106,東京都,台東区,東浅草小学校,台東区東浅草2-27-19,35.7245315,139.7985281,1階正面玄関　右側の壁,,月～金　8：15～16：45　学校授業日　体育館開放日　職員在勤時　利用可能　オートロックのためインターフォン対応,,,,
13106,東京都,台東区,谷中区民館,台東区谷中5-6-5,35.7256114,139.7666396,1階正面出入り口,,月～日　年末年始、休館日除く9時～22時夜間は管理委託職員で対応可能,,,,
13106,東京都,台東区,上野マルイ,台東区上野6‐15‐1,35.710779,139.7757753,1階西側入口脇,,全日（休業日を除く）11：00～21：00　日祝日20：30まで,,110-0005,,
13106,東京都,台東区,株式会社　國光 東京事業所,台東区三ノ輪1‐5‐3,35.7269723,139.7927033,１階打合せブース,,月～土8：30～17：30,,110-0011,,
13106,東京都,台東区,金杉区民館,台東区下谷3-1-30,35.7231122,139.786015,1階待合室,,月～日　年末年始、休館日除く9時～22時夜間は管理委託職員で対応可能,,,,
13106,東京都,台東区,岡三証券株式会社 浅草支店,台東区雷門 2‐4‐8,35.7093548,139.7957426,1階店頭カウンター,,月～金9：00～15：00,,111-0034,,
13106,東京都,台東区,朝日信用金庫千束支店,台東区千束2‐17‐5,35.7209216,139.7909244,1階店舗内,,月～金　9：00～15：00,,111-0031,,
13106,東京都,台東区,黒門小学校,台東区上野1-16-20,35.7068408,139.7713967,1階東玄関(体育館入口),,月～金　8：15～16：45　学校授業日　体育館開放日　職員在勤時　利用可能　オートロックのためインターフォン対応,,,,
13106,東京都,台東区,東泉小学校,台東区三ノ輪1-23-9,35.7287304,139.7921063,1階東泉小コミュニティー及び東泉小子どもクラブ入口玄関ロビー脇,,月～金　8：15～16：45　学校授業日　体育館開放日　職員在勤時　利用可能　オートロックのためインターフォン対応,,,,
13106,東京都,台東区,下町風俗資料館付設展示場(旧吉田屋酒店),台東区上野桜木2-10-6,35.7213248,139.7708848,1階入り口脇,,火～日9：30～16：30休館日（使用不可）：月曜日（祝日と重なる場合は翌日）、年末年始（12/29～1/3）,,,,
13106,東京都,台東区,シルバー人材センター,台東区小島1-5-5　 小島ビル１階,35.7042162,139.7815719,1階入口,,月～金　祝日年末年始除く8:30～17:15,,,,
13106,東京都,台東区,台東デザイナーズビレッジ,台東区小島2-9-10,35.7061757,139.7839187,1階入口,,月～金　ただし、祝日・年末年始を除く平日9:00～17:00玄関脇のインターフォンを利用し管理人呼び出し。（管理人の不在時間帯は、インターフォンで中の誰かに開けてもらえれば使用は可。）,,,,
13106,東京都,台東区,パセラリゾーツ上野御徒町店,台東区上野1‐20‐9,35.7078767,139.7726452,1階入口,,全日月～木13：00～翌8：00　金・祝前日13：00～翌9：00　土11：30～翌9：00　日・祝日11：30～翌8：00,,110-0005,,
13106,東京都,台東区,浅草保健相談センター,台東区花川戸1-14-16,35.7138152,139.7995081,1階入口,,土・日曜日祝祭日年末年始除く8：30～17：15,,,,
13106,東京都,台東区,台東清掃事務所,台東区今戸1-6-26,35.7175838,139.8036582,1階入口,,日曜日及び12月31日から1月3日を除く。7時40分から17時15分,,,,
13106,東京都,台東区,パティシエイナムラショウゾウ,台東区上野桜木2‐19‐8,35.7228841,139.7733717,1階入口,,火～日10：00～19：00,,110-0002,,
13106,東京都,台東区,金杉区民館下谷分館,台東区下谷3-14-3,35.7257628,139.7872658,1階入口,,月～日　年末年始、休館日除く9時～22時夜間は管理委託職員で対応可能,,,,
13106,東京都,台東区,ショコラティエイナムラショウゾウ,台東区谷中7‐19‐5,35.7273909,139.7693191,1階入口,,火～日10：00～19：00,,110-0001,,
13106,東京都,台東区,日本堤子ども家庭支援センター,台東区日本堤２-２５-８,35.7279313,139.797377,1階入口,,月～土（年末年始除く）8:30～17:15,,,,
13106,東京都,台東区,クミアイ化学工業ビル,台東区池之端1‐4‐26,35.711816,139.7682268,１階入口ロビー脇,,月～金9：00～17：30,,110-0008,,
13106,東京都,台東区,日本そば　十和田　浅草すしや通り店,台東区浅草1‐13‐4　すしや通り,35.7119826,139.7933218,１階入口左の階段所,,全日11：00～22：30　,,111-0032,,
13106,東京都,台東区,日本年金機構　上野年金事務所,台東区池之端1‐2‐18 MG池之端ビル,35.710182,139.7683625,１階入口受付,,月～金8：30～17：15,,110-0008,,
13106,東京都,台東区,株式会社　丸山医療器械,台東区松が谷4‐2‐6 ハイコーポ松が谷101,35.7171188,139.7880495,１階入口受付,,月～金9：00～18：00,,111-0036,,
13106,東京都,台東区,社会教育センター,台東区東上野6-16-8,35.7135828,139.7832899,1階入口付近,,月～日　年末年始、休館日除く第1.3.5月曜日13：00～22：00　左記以外9：00～22：00,,,,
13106,東京都,台東区,在宅リハビリ訪問看護ステーションＴＯＭＯ,台東区浅草3‐36‐9 小宮ビル1F,35.7179152,139.7957506,１階入口付近,,月～土8：30～18：00（祝日除く）,,111-0032,,
13106,東京都,台東区,今戸児童館,台東区今戸1-3-6,35.7194036,139.8046392,1階入口付近,,児童館開館日（休館日は第3日曜日・5/5除く祝祭日・年末年始）9：30～18：00玄関脇インターフォンを利用し呼び出し,,,,
13106,東京都,台東区,任天堂株式会社,台東区浅草橋5-21-5,35.7020175,139.7812479,1階風除室,,月～金9：00～17：30,,111-0053,,
13106,東京都,台東区,清川保育園,台東区清川1‐15‐11,35.7250304,139.802765,１階保育室,,月～土7：30～18：30,,111-0022,,
13106,東京都,台東区,駒形中学校,台東区北上野2-15-1,35.7173496,139.7841907,1階保健室前,,月～金　8：15～16：45　学校授業日　体育館開放日　職員在勤時　利用可能　オートロックのためインターフォン対応,,,,
13106,東京都,台東区,東京都立浅草高等学校,台東区今戸1‐8‐13,35.7193816,139.8025147,1階保健室前廊下,,月～金8：30～17：00＊学校休業時除く,,111-0024,,
13106,東京都,台東区,平成小学校,台東区台東4-21-15,35.7065488,139.7800733,1階放送室前,,月～金　8：15～16：45　学校授業日　体育館開放日　職員在勤時　利用可能　オートロックのためインターフォン対応,,,,
13106,東京都,台東区,ＥＫＩＭＩＳＥ 1階,花川戸1‐4‐1,35.7117703,139.7981111,1階防災センター,,全日10：00～22：00,,111-0033,,
13106,東京都,台東区,浅草ビューホテル１階,台東区西浅草3‐17‐1,35.7154219,139.7920451,１階防災センター内,,全日24時間可能,,111-0035,,
13106,東京都,台東区,株式会社大丸松坂屋百貨店　松坂屋上野店 南館,上野3‐29‐5,35.7070196,139.7731953,1階北側入口,,全日　1月1日を除く10:00～20：00,,110-0005,,
13106,東京都,台東区,株式会社大丸松坂屋百貨店　松坂屋上野店 本館,上野3‐29‐5,35.7077378,139.773599,1階北側入口,,全日　1月1日を除く10:00～20：00,,110-0005,,
13106,東京都,台東区,上野桜木会館,台東区上野桜木1-6-1,35.7201238,139.7710412,1階裏入口,,火～日　祝日・年末年始・休館日除く9時～17時,,,,
13106,東京都,台東区,三筋保育園,台東区三筋2-16-4,35.7059935,139.7870142,1階廊下,,月～土　＊12/29～1/3除く7：15～19：15開園時　オートロック　インターフォン対応,,,,
13106,東京都,台東区,入谷区民館,台東区入谷1-15-6,35.7204518,139.7857069,1階廊下,,月～日　年末年始、休館日除く9時～22時夜間は管理委託職員で対応可能,,,,
13106,東京都,台東区,谷中保育園,台東区上野桜木2-16-10,35.7226073,139.7713829,1階廊下火災報知器左横,,月～土　＊12/29～1/3除く7：15～19：15開園時　オートロック　インターフォン対応,,,,
13106,東京都,台東区,医療法人社団　博腎会 野中医院,台東区寿1‐10‐20,35.7065273,139.7892872,1階廊下脇,,月～土9：00～17：00,,111-0042,,
13106,東京都,台東区,朝日信用金庫西町支店,東上野1‐2‐1,35.7073463,139.781104,1階脇ＡＴＭコーナー,,全日　祝日除く8：00～19：00　土.日8：00～17：00祝日休業　,,110-0015,,
13106,東京都,台東区,浅草ビューホテル26階,台東区西浅草3‐17‐1,35.7154404,139.7918926,26階レストラン,,全日7：00～21：00,,111-0035,,
13106,東京都,台東区,東天紅　上野店,台東区池之端1-4-1,35.7106615,139.7683593,2階　待合いロビー　エスカレーター寄り,,月～日10：00～22：00,,110-0008,,
13106,東京都,台東区,福祉プラザ台東清峰会　２階,台東区清川2-14-7,35.7272189,139.8013542,２階（医務室）,,曜日指定なし9：00～19：00,,,,
13106,東京都,台東区,書道博物館,台東区根岸2-10-4,35.7246765,139.7762664,2階エレベーター前,,火～日9：30～16：30休館日（使用不可）：月曜日（祝日と重なる場合は翌日）、年末年始（12/29～1/3）、特別整理期間等,,,,
13106,東京都,台東区,株式会社常盤堂 雷おこし本舗 直営　雷5656会館,台東区浅草3‐6‐1  5656会館,35.7166425,139.7960327,２階おみやげ物売場　奥　左側,,全日8：00～17：00　,,111-0032,,
13106,東京都,台東区,医療法人社団 博樹会 西クリニック,台東区浅草橋5‐5‐10,35.6998851,139.7809797,2階ナースセンター前,,月～土9：00～17：00,,111-0053,,
13106,東京都,台東区,台東区立台東病院（購入）,台東区千束3-20-5,35.7227931,139.7926147,2階リハビリ室前,,全日24時間対応外来時間外は救急時間外入口で対応可能,,,,
13106,東京都,台東区,浅草公会堂,台東区浅草1-38-6,35.7125863,139.7951406,2階ロビー,,年末年始、臨時休館日を除く全日9時～21時,,,,
13106,東京都,台東区,株式会社フジックス 東京支店,台東区駒形2‐3‐3,35.7051875,139.7937998,２階階段前,,月～金（祝日除く）8：45～17：30,,111-0043,,
13106,東京都,台東区,医療法人財団　神経科　土田病院,台東区上野桜木1‐12‐12,35.7215006,139.7725843,2階看護室,,月～土9：00～17：00,,110-0002,,
13106,東京都,台東区,公益財団法人城北労働・福祉センター,台東区日本堤2‐2‐11,35.7279804,139.7989583,２階健康相談室,,月～金9：00～16：00＊左記の時間外でも職員が在所なら対応可能,,111-0021,,
13106,東京都,台東区,根岸図書館,台東区根岸5-18-13,35.7290935,139.790554,2階事務室,,火～日及び第１月曜日9:30～20：00　日曜9:30～17:00年末年始　祝日　休館日除く,,,,
13106,東京都,台東区,小島社会教育館,台東区小島1-5-2,35.7039092,139.781509,2階事務室前,,月～日　年末年始、休館日除く毎週月曜日13：00～22：00　左記以外9：00～22：00,,,,
13106,東京都,台東区,今戸社会教育館,台東区今戸2-26-12,35.7220254,139.8072908,2階事務室前,,月～日　年末年始、休館日除く毎週月曜日13：00～22：00　左記以外9：00～22：00,,,,
13106,東京都,台東区,柏葉中学校,台東区下谷3-1-29,35.723424,139.7858721,2階事務室前,,月～金　8：15～16：45　学校授業日　職員在勤時　利用可能　オートロックのためインターフォン対応,,,,
13106,東京都,台東区,東京都観光汽船株式会社,台東区花川戸1‐1‐1,35.710813,139.7985003,2階事務所,,全日9:00～18：00,,111-0033,,